"Product Labels","Etichette prodotto"
"Product Label","Etichetta prodotto"
"Enabled","Abilitato"
"Disabled","Disabilitato"
"Max Labels per Product","Numero massimo di etichette per prodotto"
"Labels beyond this number are not shown, starting from the lowest priority.","Le etichette oltre questo numero non vengono mostrate, a partire da quelle con priorità più bassa."
"""New"" Means","Significato di ""Nuovo"""
"Used by the ""Only New Products"" filter of the labels.","Usato dal filtro ""Solo prodotti nuovi"" delle etichette."
"""Set Product as New"" dates of the product","Date ""Imposta prodotto come nuovo"" del prodotto"
"Days since the product was created","Giorni dalla creazione del prodotto"
"New for (Days)","Nuovo per (giorni)"
"Out of Stock Products Show Only Out-of-Stock Labels","I prodotti esauriti mostrano solo le etichette per esauriti"
"When a product is out of stock, only labels whose stock filter is ""Out of stock"" are shown.","Quando un prodotto è esaurito vengono mostrate solo le etichette con filtro stock ""Esaurito""."
"Add New Label","Aggiungi etichetta"
"New Label","Nuova etichetta"
"Edit Label ""%1""","Modifica etichetta ""%1"""
"General","Generale"
"Name","Nome"
"Admin only, never shown to customers.","Solo per l'admin, mai mostrato ai clienti."
"Active","Attiva"
"Store Views","Store view"
"All Store Views","Tutte le store view"
"Customer Groups","Gruppi cliente"
"Priority","Priorità"
"Lower numbers are shown first.","I numeri più bassi vengono mostrati per primi."
"Stop Further Labels","Blocca le etichette successive"
"When this label applies, labels with a higher priority number are not shown.","Quando questa etichetta si applica, quelle con numero di priorità più alto non vengono mostrate."
"Active From","Attiva dal"
"Active To","Attiva fino al"
"Optional. Store time zone.","Facoltativo. Fuso orario del negozio."
"Show On","Mostra su"
"Product page","Pagina prodotto"
"Product listings (categories, search, widgets, related)","Liste prodotti (categorie, ricerca, widget, correlati)"
"Which Products","Quali prodotti"
"Only New Products","Solo prodotti nuovi"
"Only Products on Sale","Solo prodotti in offerta"
"Minimum Discount","Sconto minimo"
"Stock","Disponibilità"
"Any","Qualsiasi"
"In stock","Disponibile"
"Out of stock","Esaurito"
"Low stock","Scorte basse"
"Low Stock Below Qty","Scorte basse sotto la quantità"
"Categories","Categorie"
"Price From","Prezzo da"
"Price To","Prezzo fino a"
"Advanced Conditions","Condizioni avanzate"
"Manually Assigned Products","Prodotti assegnati manualmente"
"Appearance on Product Page","Aspetto nella pagina prodotto"
"Appearance in Product Listings","Aspetto nelle liste prodotti"
"Use Product Page Appearance","Usa l'aspetto della pagina prodotto"
"Type","Tipo"
"Text","Testo"
"Image","Immagine"
"Insert Variable","Inserisci variabile"
"-- Choose a variable --","-- Scegli una variabile --"
"Background Color","Colore di sfondo"
"Text Color","Colore del testo"
"Shape","Forma"
"Rectangle","Rettangolo"
"Pill","Pillola"
"Circle","Cerchio"
"Text Size","Dimensione testo"
"Small","Piccola"
"Medium","Media"
"Large","Grande"
"Image Alt Text","Testo alternativo immagine"
"Width","Larghezza"
"Percentage of the product image width.","Percentuale della larghezza dell'immagine prodotto."
"Position","Posizione"
"Top left","In alto a sinistra"
"Top center","In alto al centro"
"Top right","In alto a destra"
"Middle left","Al centro a sinistra"
"Center","Al centro"
"Middle right","Al centro a destra"
"Bottom left","In basso a sinistra"
"Bottom center","In basso al centro"
"Bottom right","In basso a destra"
"Labels","Etichette"
"%1 (inactive)","%1 (inattiva)"
"You saved the label.","Etichetta salvata."
"You deleted the label.","Etichetta eliminata."
"This label no longer exists.","Questa etichetta non esiste più."
"Delete Label","Elimina etichetta"
"Are you sure you want to delete this label?","Vuoi davvero eliminare questa etichetta?"
"Save and Continue Edit","Salva e continua"
"The image is larger than 2 MB.","L'immagine supera i 2 MB."
"Upload a JPG, PNG, GIF, WebP or AVIF image.","Carica un'immagine JPG, PNG, GIF, WebP o AVIF."
"The file is not a valid image.","Il file non è un'immagine valida."
"Name is required.","Il nome è obbligatorio."
"Select at least one store view.","Seleziona almeno una store view."
"Select at least one customer group.","Seleziona almeno un gruppo cliente."
"%1: enter the label text.","%1: inserisci il testo dell'etichetta."
"%1: upload an image.","%1: carica un'immagine."
"Product listings","Liste prodotti"
"No products are assigned manually.","Nessun prodotto assegnato manualmente."
"Assign this label from the ""Product Labels"" section of a product.","Assegna questa etichetta dalla sezione ""Etichette prodotto"" della scheda prodotto."
"Shopping cart page","Pagina carrello"
"Mini-cart","Mini carrello"
"Checkout","Checkout"
"Cart","Carrello"
"Appearance in Cart, Mini-cart and Checkout","Aspetto in carrello, mini carrello e checkout"
"Use Product Listing Appearance","Usa l'aspetto delle liste prodotti"
"Turn off to give the cart, mini-cart and checkout their own appearance, for example a smaller badge. Where it is shown is chosen in ""Show On"".","Disattiva per dare a carrello, mini carrello e checkout un aspetto proprio, per esempio un badge più piccolo. Dove compare si sceglie in ""Mostra su""."
"Hold Ctrl (Cmd on Mac) to select more than one.","Tieni premuto Ctrl (Cmd su Mac) per selezionarne più di uno."
"Choose where the label is shown.","Scegli dove mostrare l'etichetta."
"""Show on"" accepts only these values: %1.","""Mostra su"" accetta solo questi valori: %1."
"Use for Parent","Usa per il prodotto padre"
"Also show the label on configurable and grouped products when one of their children matches.","Mostra l'etichetta anche sui prodotti configurabili e raggruppati quando uno dei loro figli corrisponde."
"""Active from"" is not a valid date.","""Attiva dal"" non è una data valida."
"""Active to"" is not a valid date.","""Attiva fino al"" non è una data valida."
"""Active to"" must be later than ""Active from"".","""Attiva fino al"" deve essere successiva ad ""Attiva dal""."
"""New"" is defined in Stores > Configuration > Catalog > Catalog > Product Labels.","""Nuovo"" si definisce in Negozi > Configurazione > Catalogo > Catalogo > Etichette prodotto."
"""Price to"" must be greater than or equal to ""Price from"".","""Prezzo fino a"" deve essere maggiore o uguale a ""Prezzo da""."
"%1: %2 must be a hex color such as #ff0000.","%1: %2 deve essere un colore esadecimale, ad esempio #ff0000."
"%1: corner radius must be between %2 and %3 px.","%1: il raggio degli angoli deve essere tra %2 e %3 px."
"%1: position is not valid.","%1: la posizione non è valida."
"%1: shape is not valid.","%1: la forma non è valida."
"%1: text size is not valid.","%1: la dimensione del testo non è valida."
"%1: the image must be a JPG, PNG, GIF, WebP or AVIF file.","%1: l'immagine deve essere un file JPG, PNG, GIF, WebP o AVIF."
"%1: the text cannot be longer than %2 characters.","%1: il testo non può superare %2 caratteri."
"%1: type ""%2"" is not valid.","%1: il tipo ""%2"" non è valido."
"%1: width must be between %2 and %3 percent.","%1: la larghezza deve essere tra il %2 e il %3 percento."
"A total of %1 label(s) have been deleted.","Etichette eliminate: %1."
"A total of %1 label(s) have been disabled.","Etichette disattivate: %1."
"A total of %1 label(s) have been enabled.","Etichette attivate: %1."
"Advanced conditions are not valid JSON.","Le condizioni avanzate non sono un JSON valido."
"Are you sure you want to delete the label ""%1""?","Vuoi davvero eliminare l'etichetta ""%1""?"
"Are you sure you want to delete the selected labels?","Vuoi davvero eliminare le etichette selezionate?"
"Conditions","Condizioni"
"Corner Radius","Raggio degli angoli"
"Could not delete the label: %1","Impossibile eliminare l'etichetta: %1"
"Could not save the label: %1","Impossibile salvare l'etichetta: %1"
"Delete ""%1""","Elimina ""%1"""
"Delete labels","Elimina etichette"
"Discount amount","Importo dello sconto"
"Discount percent","Percentuale di sconto"
"Enter the quantity below which stock is low.","Inserisci la quantità sotto la quale le scorte sono basse."
"File can not be saved to the destination folder.","Impossibile salvare il file nella cartella di destinazione."
"File validation failed.","Verifica del file non riuscita."
"Final price of the product. Leave empty for no minimum.","Prezzo finale del prodotto. Lascia vuoto per nessun minimo."
"JPG, PNG, GIF, WebP or AVIF, up to 2 MB.","JPG, PNG, GIF, WebP o AVIF, fino a 2 MB."
"Leave empty for no maximum.","Lascia vuoto per nessun massimo."
"Minimum discount must be between 0 and 100.","Lo sconto minimo deve essere tra 0 e 100."
"Name cannot be longer than %1 characters.","Il nome non può superare %1 caratteri."
"Prices cannot be negative.","I prezzi non possono essere negativi."
"Priority cannot be negative.","La priorità non può essere negativa."
"Product attribute (replace ""code"" with the attribute code)","Attributo del prodotto (sostituisci ""code"" con il codice dell'attributo)"
"Product labels were not saved: %1","Etichette prodotto non salvate: %1"
"Product labels with these IDs do not exist: %1.","Non esistono etichette prodotto con questi ID: %1."
"Quantity in stock","Quantità disponibile"
"Rectangle and image labels. Pill and circle labels are always round.","Etichette rettangolari e immagini. Le forme pillola e cerchio sono sempre arrotondate."
"Show the label only on products matching these conditions (leave empty for all products)","Mostra l'etichetta solo sui prodotti che soddisfano queste condizioni (lascia vuoto per tutti i prodotti)"
"Showing %1 of %2 products.","Mostrati %1 di %2 prodotti."
"Shown on this product in addition to the labels assigned by rules. ","Mostrate su questo prodotto in aggiunta alle etichette assegnate dalle regole. "
"Something went wrong while saving the label.","Si è verificato un errore durante il salvataggio dell'etichetta."
"Special price","Prezzo speciale"
"Stock filter ""%1"" is not valid.","Il filtro magazzino ""%1"" non è valido."
"The image cannot be larger than 2 MB.","L'immagine non può superare 2 MB."
"The image could not be uploaded. Please try again.","Impossibile caricare l'immagine. Riprova."
"The image file name ""%1"" is not allowed.","Il nome del file immagine ""%1"" non è consentito."
"The image is not valid base64 data.","L'immagine non è un dato base64 valido."
"The image must be a JPG, PNG, GIF, WebP or AVIF file.","L'immagine deve essere un file JPG, PNG, GIF, WebP o AVIF."
"The label with ID ""%1"" does not exist.","L'etichetta con ID ""%1"" non esiste."
"The product must be in at least one of these categories. Leave empty for any category.","Il prodotto deve essere in almeno una di queste categorie. Lascia vuoto per qualsiasi categoria."
"The product with ID ""%1"" does not exist.","Il prodotto con ID ""%1"" non esiste."
"The uploaded image ""%1"" was not found. Please upload it again.","L'immagine caricata ""%1"" non è stata trovata. Caricala di nuovo."
"Turn off to give listings their own appearance, for example a different image.","Disattiva per dare alle liste un aspetto proprio, ad esempio un'immagine diversa."
"Unsupported label implementation ""%1"".","Implementazione dell'etichetta ""%1"" non supportata."
"Variables: {SAVE_PERCENT}, {SAVE_AMOUNT}, {PRICE}, {SPECIAL_PRICE}, {STOCK_QTY}, {SKU}, {ATTR:code}.","Variabili: {SAVE_PERCENT}, {SAVE_AMOUNT}, {PRICE}, {SPECIAL_PRICE}, {STOCK_QTY}, {SKU}, {ATTR:code}."
"We can't find a label to delete.","Nessuna etichetta da eliminare."
"Which products each product label applies to","A quali prodotti si applica ogni etichetta"
"background color","colore di sfondo"
"text color","colore del testo"
